departure_airport_name,departure_airport,departure_time,departure_longitude,departure_latitude,arrival_airport,arrival_time,arrival_longitude,arrival_latitude
Ames Muni (KAMW),KAMW,0.3713888888888889,-93.621803,41.992001,17XS,2.5713888888888885,-98.43499755859376,32.17779922485352
New Orleans Intl (KMSY),KMSY,0.004722222222222222,-90.25800323486328,29.99340057373047,17XS,1.3880555555555556,-98.43499755859376,32.17779922485352
Auburn-Opelika (KAUO),KAUO,10.171388888888888,-85.433998,32.615101,17XS,12.421388888888888,-98.43499755859376,32.17779922485352
Fort Worth Meacham Intl (KFTW),KFTW,1.071388888888889,-97.36239599999999,32.819801,17XS,1.4880555555555557,-98.43499755859376,32.17779922485352
Laredo Intl (KLRD),KLRD,17.188055555555557,-99.46160125732422,27.543800354003906,17XS,17.92138888888889,-98.43499755859376,32.17779922485352
Fort Worth Alliance (KAFW),KAFW,15.421388888888888,-97.3188018799,32.9875984192,17XS,15.754722222222222,-98.43499755859376,32.17779922485352
Salt Lake City Intl (KSLC),KSLC,21.52138888888889,-111.97799682617188,40.78839874267578,17XS,0.6713888888888888,-98.43499755859376,32.17779922485352
